,filename,race,age,gender
0,./19/112/244515-0.jpg,asian,28,Man
0,./19/112/263909-3.jpg,asian,28,Man
0,./19/112/213914-0.jpg,asian,30,Man
0,./19/112/233060-0.jpg,asian,30,Man
0,./19/112/278375-1.jpg,asian,29,Man
0,./19/112/239548-0.jpg,asian,30,Man
0,./19/112/293838-0.jpg,asian,34,Woman
0,./19/112/258967-0.jpg,asian,26,Man
0,./19/112/271660-0.jpg,white,22,Man
0,./19/112/281525-0.jpg,white,32,Man
0,./19/112/115219-0.jpg,asian,24,Woman
0,./19/112/238945-0.jpg,asian,33,Man
0,./19/112/273671-0.jpg,asian,34,Man
0,./19/112/48046-0.jpg,asian,28,Woman
0,./19/112/263186-0.jpg,asian,30,Man
0,./19/112/291662-0.jpg,white,34,Woman
0,./19/112/261999-0.jpg,asian,34,Man
0,./19/112/46474-2.jpg,asian,26,Man
0,./19/112/249632-2.jpg,asian,33,Man
0,./19/112/262837-0.jpg,asian,24,Man
0,./19/112/291834-2.jpg,asian,33,Man
0,./19/112/267616-0.jpg,asian,30,Woman
0,./19/112/291170-0.jpg,white,33,Man
0,./19/112/276288-0.jpg,asian,23,Man
0,./19/112/35957-0.jpg,asian,30,Man
0,./19/112/115390-0.jpg,asian,23,Man
0,./19/112/240257-1.jpg,asian,33,Man
0,./19/112/97594-0.jpg,asian,32,Man
0,./19/112/279237-0.jpg,asian,31,Woman
0,./19/112/55454-0.jpg,asian,24,Man
0,./19/112/47025-0.jpg,asian,25,Man
0,./19/112/273402-1.jpg,asian,24,Man
0,./19/112/294163-0.jpg,asian,25,Woman
0,./19/112/287544-0.jpg,asian,27,Man
0,./19/112/30581-0.jpg,white,35,Man
0,./19/112/104640-0.jpg,asian,24,Man
0,./19/112/112112-0.jpg,latino hispanic,28,Man
0,./19/112/282037-0.jpg,asian,27,Man
0,./19/112/52312-0.jpg,asian,25,Man
0,./19/112/276676-0.jpg,asian,29,Man
0,./19/112/115337-0.jpg,asian,25,Man
0,./19/112/259080-0.jpg,asian,28,Man
0,./19/112/289392-0.jpg,white,30,Man
0,./19/112/297071-0.jpg,asian,27,Man
0,./19/112/42107-2.jpg,asian,31,Woman
0,./19/112/109135-0.jpg,asian,24,Man
0,./19/112/53330-1.jpg,asian,33,Woman
0,./19/112/274559-1.jpg,asian,36,Man
0,./19/112/30198-0.jpg,asian,31,Woman
0,./19/112/37007-1.jpg,asian,31,Man
0,./19/112/279844-0.jpg,asian,30,Man
0,./19/112/33878-0.jpg,white,39,Man
0,./19/112/46907-0.jpg,asian,35,Man
0,./19/112/223942-1.jpg,white,27,Man
0,./19/112/58538-2.jpg,asian,32,Woman
0,./19/112/114235-0.jpg,asian,24,Man
0,./19/112/279181-0.jpg,asian,24,Man
0,./19/112/110540-0.jpg,white,32,Man
0,./19/112/238151-0.jpg,asian,25,Man
0,./19/112/237873-0.jpg,asian,32,Man
0,./19/112/221112-1.jpg,white,25,Man
0,./19/112/53744-0.jpg,asian,25,Man
0,./19/112/113603-0.jpg,asian,31,Man
0,./19/112/42724-11.jpg,asian,34,Man
0,./19/112/32422-0.jpg,asian,30,Man
0,./19/112/113787-0.jpg,asian,31,Man
0,./19/112/276775-0.jpg,asian,32,Man
0,./19/112/290690-0.jpg,asian,24,Woman
0,./19/112/266183-0.jpg,asian,27,Man
0,./19/112/224541-0.jpg,asian,28,Man
0,./19/112/41702-0.jpg,asian,26,Man
0,./19/112/62885-0.jpg,asian,27,Man
0,./19/112/202089-0.jpg,asian,28,Man
0,./19/112/263960-0.jpg,asian,32,Man
0,./19/112/267596-0.jpg,asian,28,Man
0,./19/112/264540-0.jpg,white,26,Man
0,./19/112/51852-0.jpg,asian,22,Man
0,./19/112/114286-0.jpg,asian,29,Man
0,./19/112/45228-0.jpg,asian,27,Woman
0,./19/112/109626-0.jpg,asian,25,Woman
0,./19/112/262555-0.jpg,asian,28,Man
0,./19/112/259847-0.jpg,white,34,Man
0,./19/112/231619-0.jpg,white,27,Woman
0,./19/112/257831-0.jpg,asian,23,Man
0,./19/112/112095-0.jpg,asian,24,Man
0,./19/112/267597-0.jpg,asian,34,Man
0,./19/112/296150-0.jpg,white,25,Man
0,./19/112/48050-0.jpg,asian,29,Man
0,./19/112/53188-0.jpg,asian,28,Man
0,./19/112/254102-0.jpg,asian,25,Man
0,./19/112/33874-0.jpg,white,27,Man
0,./19/112/249715-0.jpg,asian,30,Man
0,./19/112/292400-0.jpg,asian,28,Man
0,./19/112/289073-0.jpg,asian,30,Man
0,./19/112/57995-0.jpg,asian,21,Woman
0,./19/112/266031-0.jpg,asian,27,Man
0,./19/112/97082-0.jpg,asian,25,Man
0,./19/112/52562-0.jpg,asian,28,Woman
0,./19/112/48580-0.jpg,asian,25,Man
0,./19/112/49511-0.jpg,asian,28,Man
0,./19/112/242726-0.jpg,asian,30,Man
0,./19/112/112033-0.jpg,asian,23,Woman
0,./19/112/244780-0.jpg,asian,34,Man
0,./19/112/254877-1.jpg,white,21,Man
0,./19/112/291833-0.jpg,white,28,Man
0,./19/112/110086-0.jpg,white,27,Man
0,./19/112/110158-0.jpg,asian,29,Man
0,./19/112/111518-0.jpg,white,31,Man
0,./19/112/110726-0.jpg,asian,25,Man
0,./19/112/267453-0.jpg,asian,25,Man
0,./19/112/291167-0.jpg,white,26,Man
0,./19/112/212043-0.jpg,white,31,Man
0,./19/112/251510-0.jpg,asian,36,Man
0,./19/112/256603-0.jpg,asian,25,Man
0,./19/112/291684-0.jpg,white,25,Man
0,./19/112/251636-1.jpg,asian,25,Woman
0,./19/112/265383-0.jpg,latino hispanic,29,Man
0,./19/112/111974-1.jpg,asian,24,Man
0,./19/112/287849-1.jpg,asian,24,Man
0,./19/112/256844-1.jpg,asian,27,Woman
0,./19/112/288526-1.jpg,white,30,Man
0,./19/112/113234-0.jpg,white,25,Man
0,./19/112/47847-0.jpg,asian,28,Woman
0,./19/112/278583-0.jpg,asian,25,Man
0,./19/112/50964-0.jpg,white,22,Man
0,./19/112/280261-0.jpg,white,30,Woman
0,./19/112/107673-0.jpg,asian,28,Man
0,./19/112/104446-0.jpg,asian,27,Man
0,./19/112/286677-1.jpg,latino hispanic,26,Woman
0,./19/112/237872-0.jpg,asian,31,Man
0,./19/112/276385-0.jpg,asian,28,Man
0,./19/112/281455-2.jpg,asian,26,Man
0,./19/112/54514-0.jpg,asian,34,Man
0,./19/112/1055-0.jpg,asian,23,Man
0,./19/112/99496-0.jpg,asian,34,Man
0,./19/112/47109-0.jpg,asian,29,Woman
0,./19/112/266164-0.jpg,asian,26,Man
0,./19/112/288182-0.jpg,asian,30,Man
0,./19/112/109496-2.jpg,asian,35,Man
0,./19/112/267113-0.jpg,white,22,Man
0,./19/112/254733-0.jpg,asian,30,Woman
0,./19/112/38529-0.jpg,asian,27,Man
0,./19/112/110558-0.jpg,white,27,Man
0,./19/112/291702-0.jpg,asian,23,Man
0,./19/112/288586-3.jpg,asian,30,Woman
0,./19/112/109987-1.jpg,asian,24,Woman
0,./19/112/109414-0.jpg,asian,28,Man
0,./19/112/258677-0.jpg,asian,24,Man
0,./19/112/285606-0.jpg,asian,27,Man
0,./19/112/264100-0.jpg,white,27,Man
0,./19/112/43674-2.jpg,asian,26,Man
0,./19/112/271805-0.jpg,asian,29,Man
0,./19/112/50737-1.jpg,asian,27,Man
